{"products":[{"id":"0.3891737153843955","qnty":2},{"id":"0.28061997220368107","qnty":1},{"qnty":1}],"totalPrice":1208}